CNYes4 天元大銀行攜手ISAC邀大專院校體驗無現金校園服務記者陳建興／台北報導 ,2021-11-10 06:28:29.518392
CDN NEWS6 天元大銀行「FinTech T,2021-11-10 06:28:29.518441
ipei 2021」芬特克探索數位理財記者陳建興／台北報導 台北年度金融科技盛事「FinTech T,2021-11-10 06:28:29.518539
CDN NEWS11 天元大銀行 推出「保險Plus」行動服務元大銀行說，「保險PLUS」行動服務作為理專的行動保險助理，是以客戶為尊的初衷，運用資料系統整合技術歸納客戶常見問題，輔以簡易清晰的介面顯示客戶管理資訊，架構出系統中主要二大功能： 保單 ,2021-11-10 06:28:29.519053
中时电子报6 天大龍峒社宅1戶店舖竭誠招租大龍峒社會住宅1戶店舖竭誠招租，該店鋪位於承德路三段，周邊生活機能佳，鄰近捷運圓山站(步行約3~5分鐘)、花博公園、蘭州國中、大龍街夜市、中華電信、元大銀行、合作金庫等，近鄰已開設藝術精品、零售業，歡迎各界投標。 台灣2021-10-31 ,2021-11-10 06:28:29.519794
mygonews13 小時元大金:元大金控代子公司元大銀行公告向元大證券取得使用權資產金控 公告 使用權 公司名稱 相對人 關係人 姓名 原因 前次 移轉 所有人 不動產 估價師 事務所 估價 會計師 評估 XX 5.交易相對人為關係人者，並應公告選定關係人為交易對象之原因及前次移轉之 ,2021-11-10 06:28:29.520455
CNYes11 天金融創新領頭羊 元大集團全方位服務橫掃「國家品牌玉山獎」九大獎項第18屆國家品牌玉山獎頒獎典禮，元大金控旗下子公司囊括九大獎項，元大證券獲傑出企業獎、最佳人氣品牌獎-投資先生APP、最佳產品獎-策略交易 ,2021-11-10 06:28:29.520860
tw16 天元大金：元大銀行向元大證券取得台北市松山區使用權資產4.交易相對人及其與公司之關係（交易相對人如屬自然人，且非公司之關係人者，得免揭露其姓名）: 前次移轉日期：不適用 前次移轉金額：不適用 6 ,2021-11-10 06:28:29.521217
Money DJ11 天元大金控關懷偏鄉兒少 捐物資予古坑桂林國小元大金控長期支持關懷兒少，受廣大網友封為「天使系企業」，以涵蓋全台的綿密營業據點為種子，深入與當地社區互動，發揮金融機構服務鄰里的精神，今3日透過子公司元大銀行斗南分行，在當地縣議員顏忠義的引薦下、捐贈後背包及小豬撲滿及恩主公護身袋等用品給予雲林縣古 ,2021-11-10 06:28:29.522039
tw6 天JCB悠遊卡搭北捷6折價 一卡通天竺鼠車車萌翻揮別本土疫情下的消費低潮，電子票證儲值卡出招刺激業績。悠遊卡公司針對通勤族與學生族祭出「流血」優惠，持JCB悠遊聯名卡或悠遊Debit卡在週末搭乘台北捷運，即日起連續3個月車資回饋40%；一卡通公司發行「天竺鼠車車」絨毛一卡通；元大銀行持續推廣大專院 ,2021-11-10 06:28:29.522805
蘋果日報2 天前 · 屏東縣遠嫁日本的黃姓女子，跨海透過臉書「爆料公社公開版」指控元大銀行屏榮分行一名協理、一名理專擅自挪用其帳戶300多萬元，購買投資型保險及,2021-11-10 06:28:29.523076
中信金、元大金前10月獲利創新高！ 這家大賺逾500億ETtod,2021-11-10 06:28:29.523859
y財經雲1 天前 · 中信金控說明，銀行存放業務動能維持穩健，財管手續費受惠產品多元及數位化創新服務，較去年同期有雙位數的成長。在保險業務方面，保險銷售動能佳，投資,2021-11-10 06:28:29.524088
元大銀行推出「保險Plus」行動服務工商時報2 週前 · 為此，元大銀行持續發展金融服務數位化，積極推廣客戶參與行動保險服務，繼去（2020）年7月推出讓理專帶著平板電腦拜訪客戶完成投保的服務，,2021-11-10 06:28:29.524794
ipei 2021」於2021年10月26日至11月25日舉辦，今(2021)年在防疫優先考量下，這屆展覽採線上形式舉辦，元大銀行規劃,2021-11-10 06:28:29.525081
g. 金融債券還本付息.元大銀行推出「保險Plus」行動服務| 銀行| 金融經濟日報1 週前 · 為此，元大銀行持續發展金融服務數位化，積極推廣客戶參與行動保險服務，繼去(2020)年7月推出讓理專帶著平板電腦拜訪客戶完成投保的服務，今(2021)年10月,2021-11-10 06:28:29.527330
  下一頁 >  新北市 - 根據你的 IP 位址 - 瞭解詳情登入設定隱私權服務條款 ,2021-11-10 06:28:29.527407
