工商時報1 小時台積電「神祕文件」引爆高雄房市 蔡政府遭砲轟：縱容炒房晶圓代工龍頭台積電此前屢傳前進高雄設廠，消息刺激當地房價飆漲，然法說會上隻字未提，引來市場質疑聲浪，台灣民眾黨砲轟政府無視房價飆漲，縱容放風聲炒房，台積電前進高雄設廠從1份「機密文件」開始瘋傳，僅1個神秘消息就推升當地房市走高，「投資客瘋狂湧進高雄的 ,2021-11-09 08:06:12.189092
中时电子报2 小時台積電等晶片商配合交出資料 美商務部：數據不夠好恐會有行動美國商務部先前要求，全球半導體供應鏈中的公司提供關鍵資料，而11月8日為最後期限。商務部長雷蒙多（Gin,2021-11-09 08:06:12.189379
imondo）就指出，有把握這些半導體晶片商會在最後期限交出資料，並直指「到目前為止，他們都很配合」，不過若數據不夠好就可能會有進一步行動 ,2021-11-09 08:06:12.189557
 on MSN.com22 分鐘最後期限到！美商務部：台積電等晶片商自願交出關鍵資料（中央社芝加哥8日電）美國商務部長雷蒙多（Gin,2021-11-09 08:06:12.189727
imondo）今天表示，她有把握，半導體晶片製造商等供應鏈企業將在今天最後期限之前，自願將關鍵資料交給商務部。SETN2 小時美商務部：台積電等晶片商自願交出關鍵資料美國 商務部長雷蒙多（Gin,2021-11-09 08:06:12.190044
imondo）今天表示，她有把握， 半導體 晶片製造商等供應鏈企業將在今天最後期限之前，自願將關鍵資料交給商務部。 雷蒙多接受路透社訪問時說，她在過去兩週內已打電話給「所有供應鏈企業的執行長，包括 台積電 ,2021-11-09 08:06:12.190379
1 小時工商社論》台積電東進的最大障礙美國勞工政策台積電創辦人張忠謀日前在玉山科技協會演講，針對台積電前往美國設廠的議題，提及全球的半導體產業都在擴充產能，並且興起保護主義，迫使台積電必須去美國、日本、甚至德國設廠。美國希望藉著要求台積電、三星前往設廠來挽回半導體市占率一路下跌的頹勢，但是時間不能倒 ,2021-11-09 08:06:12.191041
中时电子报3 小時台積電美國工程師事件》商業成功、善待人才，一直都是兩回事聊著聊著，有同學問我對上禮拜那個美國工程師來台受訓後的心得文的看法。其實我上禮拜本來就想寫的，不過一直沒有時間寫，今天就來好好說一下吧。T,2021-11-09 08:06:12.191358
n Business Weekly17 小時C,2021-11-09 08:06:12.191388
dence 以完整3D-IC平台支持台積電 3DF,2021-11-09 08:06:12.191417
dence Design Systems, Inc.宣布正與台積電緊密合作加速 3D-IC 多晶片設計創新。作為合作的一部分，C,2021-11-09 08:06:12.191563
dence Integrity 3D-IC 平台是業界第一個用於 3D-IC ,2021-11-09 08:06:12.191620
台積電成為「護國神山」是偶然還必然？內行人揭全世界都需要它的背後秘密，至今無人能敵風傳媒20 小時前 · 這座大山，叫做台灣積體電路股份有限公司，簡稱：「台積電」或台積，英文名字叫「TSMC」。1987年2月由張忠謀受政府高層官員之託籌辦成立，2020年營收,2021-11-09 08:06:12.192144
蘋果被曝「M3」晶片2023年登場、採台積電3奈米製程！Intel有機會 ,2021-11-09 08:06:12.192195
數位時代17 小時前 · 蘋果預計將成為台積電3奈米晶片的第一位客戶，並計畫在2023年時推出三款3奈米晶片，用於M,2021-11-09 08:06:12.192304
c桌機等產品上，而iPhone的3奈米晶片也蓄勢待發。台積電遇到對手了！這二間公司薪水力壓護國神山UDN21 小時前 · 台積電（2330）薪資已經夠羨煞人，但根據比薪水今（8）日公布的「2021 熱門公司薪資統計」結果顯示，台積電平均薪資為48,910元，台達電（2308）平均,2021-11-09 08:06:12.192848
美國要求供應鏈資訊！台積電「已交卷」、三星電子和SK海力士還在 ,2021-11-09 08:06:12.192888
數位時代21 小時前 · 據外媒報導，台積電週日表示，該公司已回應美國商務部提供供應鏈資訊以幫助解決全球晶片短缺問題的要求，同時確保沒有客戶特定數據在此次提交中被披露,2021-11-09 08:06:12.193109
上繳大限到！美國：台積電等晶片商今天一定會交出「關鍵資料」ETtod,2021-11-09 08:06:12.193153
y財經雲5 小時前 · 美國商務部日前要台積電、韓國三星等半導體公司交出機密，以釐清汽車晶片短缺以及作業流程問題，但此舉也引起質疑聲浪。 雷蒙多告訴《路透社》，過去,2021-11-09 08:06:12.193350
季霆剛觀點：台積電「被自願」說成「自願」之荒謬風傳媒1 小時前 · 台積電處於中美科技博弈的中間，若然堅拒美國商務部的要求可能會被美國方面以政令威逼。 另一方面，若然繳出大陸方面的機密情報，同樣觸犯大陸法律，後果,2021-11-09 08:06:12.193667
日本擬補貼台積電設廠 日經：最快12月提案修法中央社19 小時前 · 日本政府據傳打算補助一半，其他晶片業者未來也將獲得補貼資格。 台積電熊本廠將於2022年開始興建，2024年進入量產，主要提供22奈米至28奈米技術生產晶片,2021-11-09 08:06:12.194025
工商社論》台積電東進的最大障礙美國勞工政策中國時報3 小時前 · 台積電前往美國設廠不是單一公司、或是單一產業的課題，正如同張忠謀指出全球興起保護主義的現象，這是川普總統任內「供應鏈脫鉤」政策的延燒，核心議題則,2021-11-09 08:06:12.194338
台積電「神祕文件」引爆高雄房市蔡政府遭砲轟：縱容炒房旺得富理財網2 小時前 · 晶圓代工龍頭台積電此前屢傳前進高雄設廠，消息刺激當地房價飆漲，然法說會上隻字未提，引來市場質疑聲浪，台灣民眾黨砲轟政府無視房價飆漲，縱容放,2021-11-09 08:06:12.194673
  下一頁 >  板橋區 新北市 - 根據你的 IP 位址 - 瞭解詳情登入設定隱私權服務條款 ,2021-11-09 08:06:12.194750
