中时电子报3 小時宏碁:宏碁受邀參加元大證券舉辦法人說明會2.召開法人說明會之時間：11 時 00 分 3.召開法人說明會之地點：寒舍艾美酒店 (台北市信義區松仁路38號2樓宴會廳) 4.法人說明會擇要訊息：本公司受邀參加元大證券舉辦之「元大證券2022年投資論壇」，會中就宏碁之業務狀況說明 ,2021-11-09 08:04:28.725870
CNYes14 小時宏碁11/26參加元大證券舉辦之法說會公開資訊觀測站重大訊息公告 2353)宏碁宏碁受邀參加元大證券舉辦法人說明會符合條款第四條第XX款：12事實發生日：110/11/26 1.召開法人說明會之日期：110/11/262.召開法人說明會之時間：11 時 00 分 3.召開法人說明會之地點 ,2021-11-09 08:04:28.726577
Money DJ12 小時聯強11/15參加元大證舉辦之法說會公開資訊觀測站重大訊息公告 (2347)聯強本公司受邀參加聯強(2347)法人說明會符合條款第四條第XX款：12事實發生日：110/11/15 1.召開法人說明會之日期：110/11/152.召開法人說明會之時間：14 時 00 分 ,2021-11-09 08:04:28.727231
Money DJ12 小時元大金控獲國家企業環保獎肯定第三屆國家企業環保獎11月4日舉行頒獎典禮，元大金控首度參選即獲頒獎項肯定，在金融綠電採購、執行科學基礎減碳目標 (SBT)等環境永續作為皆為產業表率，國家企業環保獎是國內表揚企業善盡社會責任、環境保護的最高榮譽。元大金控以成為國際永續標竿企業為願景 ,2021-11-09 08:04:28.727899
工商時報2 天元大高息低波ETF 創佳績國民ETF「元大高股息 （0056） 」以50萬受益人坐擁國內高股息ETF人氣王，不過，元大投信還有另一個元大高息低波 （00713） ,2021-11-09 08:04:28.728135
CDN NEWS12 小時元大高息低波ETF公告第一階段配息金額 寫新高元大高息低波ETF （00713） 公告每單位預估配發金額3.15元，這次預估配息金額再度挑戰新高，元大投信將在11月17日公告實際配發金額，11月19日進行除息。想要領到股息的投資人，最後買進日期為11月18日，投資人可以在12月20日領到配息。 元大投信說，投資人可在元大投信最新推出的「元大基金先生」APP，查詢最新基金、ETF的配息資訊。如果領過元大ETF配息的投資人，更可以直接透過「元大基 ,2021-11-09 08:04:28.729747
CNYes17 小時元大輔大遠距課輔 助上千位偏鄉學童不停學元大金控暨元大文教基金會長期關懷偏鄉學童，與輔仁大學合作推動「夢想起飛」合作公益計畫，藉由子計畫-「線上伴讀學童課業輔導」邀請輔大學生擔任數位學伴，針對偏鄉學童進行網路1對1課輔教學，為充實大學生的教學能量，除了提供專業志工訓練及教學技巧，並於日前首 ,2021-11-09 08:04:28.730391
y財經雲8 小時前 · 記者陳依旻／台北報導. 金控陸續公布10月獲利，中信金、元大金累計獲利創下歷史新高，中信金首度累計獲利突破500億元大關，銀行及保險核心動能穩健，,2021-11-09 08:04:28.730657
元大金獲利表現亮眼工商時報2 天前 · 元大金（2885）10月獲利20.09億元，前十月稅後淨利突破300億元， ,2021-11-09 08:04:28.730755
 1到5日三大法人對元大金進出為土洋對作，外資賣超11,411張，投信、自營商各自買,2021-11-09 08:04:28.730812
 此次培訓課程首度推出「加值理財課程」，邀請元大集團專業講師分享各類金融商品，,2021-11-09 08:04:28.731251
元大期110年第一次無擔保次順位普通公司債自11/12開始發行並於 ,2021-11-09 08:04:28.731619
MoneyDJ20 小時前 · 一、公司名稱：元大期貨股份有限公司。 二、公司債總額及債券每張之金額：本公司債發行總額新台幣15億元整；每張票面金額為,2021-11-09 08:04:28.731778
蘋果日報1 天前 · 屏東縣遠嫁日本的黃姓女子，跨海透過臉書「爆料公社公開版」指控元大銀行屏榮分行一名協理、一名理專擅自挪用其帳戶300多萬元，購買投資型保險及,2021-11-09 08:04:28.732402
All in 26塊元大金，該停損出場嗎？600張兆豐金存股達人曝「元大金 ,2021-11-09 08:04:28.732759
今周刊6 天前 · 「大俠，我買元大金，但是我非常擔心他明年的成交量縮減導致獲利減少，請問是不是要趕緊出場呢？」網友問。 你是梭哈重壓在高點嗎？  下一頁 >  板橋區 新北市 - 根據你的 IP 位址 - 瞭解詳情登入設定隱私權服務條款 ,2021-11-09 08:04:28.733138
