風傳媒22 分鐘台積電3奈米真卡關？業界曝救命計畫外媒近日指出，由於台積電3奈米製程卡關，蘋果下一代iPhone處理器A16晶片，將延用台積電5奈米製程，創連續3年使用同一個製程的狀況，台積電也回應，不評論市場傳聞，重申 3 ,2021-11-09 07:22:57.077674
工商時報37 分鐘台積電「神祕文件」引爆高雄房市 蔡政府遭砲轟：縱容炒房晶圓代工龍頭台積電此前屢傳前進高雄設廠，消息刺激當地房價飆漲，然法說會上隻字未提，引來市場質疑聲浪，台灣民眾黨砲轟政府無視房價飆漲，縱容放風聲炒房，台積電前進高雄設廠從1份「機密文件」開始瘋傳，僅1個神秘消息就推升當地房市走高，「投資客瘋狂湧進高雄的 ,2021-11-09 07:22:57.078688
中时电子报1 小時美商務部：台積電等晶片商自願交出關鍵資料美國商務部長雷蒙多（Gin,2021-11-09 07:22:57.078776
imondo）今天表示，她有把握，半導體晶片製造商等供應鏈企業將在今天最後期限之前，自願將關鍵資料交給商務部。 雷蒙多接受路透社訪問時說，她在過去兩週內已打電話給「所有供應鏈企業的執行長，包括台積電、三星和SK海力士 ,2021-11-09 07:22:57.079248
tw1 小時最後期限到！美商務部：台積電等晶片商自願交出關鍵資料（中央社芝加哥8日電）美國商務部長雷蒙多（Gin,2021-11-09 07:22:57.079395
imondo）今天表示，她有把握，半導體晶片製造商等供應鏈企業將在今天最後期限之前，自願將關鍵資料交給商務部。SETN1 小時烏凌翔：美國號令台積電「交卷」真正原因有人主張台積電高階管理人員很多持有美國護照或綠卡，所以才會服從美國政府壓力，這都是茶餘飯後八卦扯閒。（湯森路透） 有民意代表認為美國對於台灣的護國神山台積電採取了「溫水煮青蛙」的策略，批評蔡政府視而不見，沒有作為，不像南韓政府努力守護他們的企業。upmedi,2021-11-09 07:22:57.080815
22 分鐘工商社論》台積電東進的最大障礙美國勞工政策台積電創辦人張忠謀日前在玉山科技協會演講，針對台積電前往美國設廠的議題，提及全球的半導體產業都在擴充產能，並且興起保護主義，迫使台積電必須去美國、日本、甚至德國設廠。美國希望藉著要求台積電、三星前往設廠來挽回半導體市占率一路下跌的頹勢，但是時間不能倒 ,2021-11-09 07:22:57.081576
嘀嘀看1 小時台積電美國工程師事件》商業成功、善待人才，一直都是兩回事聊著聊著，有同學問我對上禮拜那個美國工程師來台受訓後的心得文的看法。其實我上禮拜本來就想寫的，不過一直沒有時間寫，今天就來好好說一下吧。T,2021-11-09 07:22:57.083097
n Business Weekly16 小時C,2021-11-09 07:22:57.083132
dence 以完整3D-IC平台支持台積電 3DF,2021-11-09 07:22:57.083167
dence Design Systems, Inc.宣布正與台積電緊密合作加速 3D-IC 多晶片設計創新。作為合作的一部分，C,2021-11-09 07:22:57.083344
dence Integrity 3D-IC 平台是業界第一個用於 3D-IC ,2021-11-09 07:22:57.083412
台積電提交資料給美商務部 強調沒有揭露客戶資料自由財經20 小時前 · 〔記者洪友芳／新竹報導〕晶圓代工龍頭廠台積電（2330） 表示，公司已回應美國商務部就「半導體供應鏈風險徵求公眾意見」的需求，提出相關資料給,2021-11-09 07:22:57.083903
台積電回應美商務部意見需求 強調未揭露客戶資料中央社21 小時前 · 台積電已提交資料給美國經長：廠商不會給機密. 至於台積電董事長劉德音日前稱有人囤貨，王美花認為，晶片需求是全球性事件，業界會比政府更清楚細節,2021-11-09 07:22:57.084273
蘋果被曝「M3」晶片2023年登場、採台積電3奈米製程！Intel有機會 ,2021-11-09 07:22:57.084333
數位時代16 小時前 · 蘋果預計將成為台積電3奈米晶片的第一位客戶，並計畫在2023年時推出三款3奈米晶片，用於M,2021-11-09 07:22:57.084459
美國要求供應鏈資訊！台積電「已交卷」、三星電子和SK海力士還在 ,2021-11-09 07:22:57.085166
數位時代20 小時前 · 據外媒報導，台積電週日表示，該公司已回應美國商務部提供供應鏈資訊以幫助解決全球晶片短缺問題的要求，同時確保沒有客戶特定數據在此次提交中被披露,2021-11-09 07:22:57.085406
上繳大限到！美國：台積電等晶片商今天一定會交出「關鍵資料」ETtod,2021-11-09 07:22:57.085458
y財經雲5 小時前 · 美國商務部日前要台積電、韓國三星等半導體公司交出機密，以釐清汽車晶片短缺以及作業流程問題，但此舉也引起質疑聲浪。 雷蒙多告訴《路透社》，過去,2021-11-09 07:22:57.085693
日本擬補貼台積電設廠 日經：最快12月提案修法中央社18 小時前 · 日本政府據傳打算補助一半，其他晶片業者未來也將獲得補貼資格。 台積電熊本廠將於2022年開始興建，2024年進入量產，主要提供22奈米至28奈米技術生產晶片,2021-11-09 07:22:57.086118
台積電美國工程師事件》商業成功、善待人才，一直都是兩回事商業周刊16 小時前 · 我們都知道台積電加班嚴重，也知道它是世界級的領導廠商。 3.這次風波揭示著企業價值觀的問題：比起工作環境，更重視交期、產出；習慣用加班解決問題,2021-11-09 07:22:57.086965
  下一頁 >  新北市 - 根據你的 IP 位址 - 瞭解詳情登入設定隱私權服務條款 ,2021-11-09 07:22:57.087045
