中时电子报3 小時Fed最新決策、亞洲生技大會、聯詠最新展望 本周大事回顧超級央行周本周落幕，美國聯準會 (Fed) 釋出三大決策，包括啟動縮減購債、維持通膨暫時論及鴿派升息，亞洲生技大會本周登場，總統蔡英文定調，台灣未來將聚焦在精準健康方案，驅動 IC 龍頭聯詠也釋出最新展望，預計第四季營收季減 3- ,2021-11-09 07:24:12.460406
CNYes2 天聯詠第3季賺逾2個股本亮燈漲停 外資喊目標價700元你該跟嗎？驅動IC大廠聯詠第三季每股稅後盈餘（EPS）達20.17元，大賺超過2個股本，表現亮眼，5日亮燈漲停，股價來到448元。事實上，昨（4）日法說會後，多家法人及外資出爐最新評估報告，其中，有美系外資將目標價最高上調至700元，但也有法人認為，隨著消費性 ,2021-11-09 07:24:12.461532
工商時報4 天聯詠前3季獲利年增241.76%、EPS 45.90元；Q4營收估降至360~370億元、毛利率48~51%公開資訊觀測站重大訊息公告(3034)聯詠-聯詠科技公佈一一○年前三季合併財務報告及第四季業績展望1.事實發生日:110/11/042.公司名稱:聯詠科技股份有限公司。3.與公司關係(請輸入本公司或子公司):本公司。4.相互持股比例:不適用。5.發生 ,2021-11-09 07:24:12.462928
Money DJ4 天聯詠 110年10月營收125.91億、年增66.38%聯詠(3034)10月營收資料(單位千元)   當月 本年累計 營收 12,591,214 111,414,618 去年同期 7,567,730 65,070,408 增減 5,023,484 46,344,210 增減百分比 66.38% ,2021-11-09 07:24:12.463904
Money DJ4 天聯詠加薪搶才 幅度很有感聯詠傳出將於11月底前公告調薪及新福利方案，聯詠也對此證實，聯詠發言人陳健興表示，IC設計產業最重要的就是人才，且聯詠2021年營運亦有不錯表現，為照顧員工，因此決定在11月進行結構性調薪。陳健興指出，目前調薪及新福利方案尚未出爐，不過調薪幅度一定會 ,2021-11-09 07:24:12.464764
工商時報5 天熱門股－聯詠 Q4營運估維持高檔聯詠（3034）對後續營運展望持續抱持正面態度，聯詠公告第四季財測，單季合併營收預計落在360～370億元、季減6.1～3.5％，毛利率為48～51％，維持在高檔水準。至於2022年展望，聯詠指出，智慧手機的OLED面板滲透率將 ,2021-11-09 07:24:12.465500
中时电子报3 天〈聯詠法說〉明年全產品線出貨續強 首顆OLED TDDI已完成開發驅動 IC 龍頭聯詠 (3034-TW) 今 (4) 日召開法說會，總經理王守仁表示，目前已掌握一定程度的產能，預期明年 OLED DDI 出貨將再優於今年，續創新高，其餘如手機 TDDI、車用 TDDI、LED 直顯與背光 DDI、安控 SOC ,2021-11-09 07:24:12.466543
CNYes4 天聯詠法說後外資看法不一，美外資調高目標價，亞系外資降目標價【財訊快報記者劉居全報導】聯詠 ( 3034 ,2021-11-09 07:24:12.466698
tw3 天11月結構性調薪 聯詠：調薪幅度「會有感」面板驅動IC廠聯詠決定11月進行結構性調薪，副總經理陳健興今天表示，目前內部正在作業中，且員工對調薪幅度「會有感」。 陳健興告訴中央社記者，IC設計業最重要的就是人才，聯詠今年營運有不錯表現，理應照顧好員工。基於整體考量，聯詠決定11月進行結構性調薪 ,2021-11-09 07:24:12.467591
聯詠好威Q3賺逾二個股本工商時報1 週前 · 聯詠受惠於面板驅動IC及電視系統單晶片出貨暢旺及價格調漲，第三季合併營收季增12.4％達383.46億元，較去年同期成長74.3％，平均毛利率季增1.6個百分點達,2021-11-09 07:24:12.468145
外資報告》大摩：聯詠Q4毛利率難提升 建議減持自由財經1 週前 · 〔財經頻道／綜合報導〕驅動IC龍頭聯詠（3034）第3季財報表現亮眼，毛利率、營業利益率皆創新高，但摩根士丹利（Morg,2021-11-09 07:24:12.468504
需求續旺聯詠Q4淡季不淡工商時報4 天前 · 驅動IC大廠聯詠4日召開法說會並釋出未來展望，聯詠副董事長王守仁指出，第四季將持續受惠於商用筆電、工控及車用等終端市場需求強勁，將使第四季達到淡季,2021-11-09 07:24:12.468894
Fed最新決策、亞洲生技大會、聯詠最新展望 本周大事回顧鉅亨2 天前 · 展望明年，聯詠目前已掌握一定程度產能，預期明年OLED DDI 出貨將再優於今年，續創新高，其餘如手機TDDI、車用TDDI、LED 直顯與背光DDI、安控SOC 等，出貨,2021-11-09 07:24:12.469490
聯詠第3季賺逾2個股本亮燈漲停 外資喊目標價700元你該跟嗎？鏡週刊3 天前 · 驅動IC大廠聯詠第三季每股稅後盈餘（EPS）達20.17元，大賺超過2個股本，表現亮眼，5日亮燈漲停，股價來到448元。事實上，昨（4）日法說會後，多家法人,2021-11-09 07:24:12.470042
外資報告》反映面板週期風險 野村下調聯詠目標價自由財經3 週前 · 〔財經頻道／綜合報導〕驅動IC龍頭聯詠（3034） Q3營收達383.45億元，季增12.41%，年增74.29%，再創單季新高，野村（Nomur,2021-11-09 07:24:12.470915
  下一頁 >  新北市 - 根據你的 IP 位址 - 瞭解詳情登入設定隱私權服務條款 ,2021-11-09 07:24:12.471003
