ble right nowWe're working to restore ,2021-12-12 06:48:41.757247
gon 8 Gen 1 正面對決，儘管皆為4 奈米製程，不過，聯發科主要交由台積電(2330-TW),2021-12-12 06:48:41.760478
聯發科11月績昂年增逾三成工商時報20 小時前 · 聯發科（2454）10日公告11月合併營收達450.39億元，較去年同期成長34.3％，為單月營收歷史第三高，符合市場預期。雖然智慧型手機生產鏈仍面臨長短料,2021-12-12 06:48:41.760860
陸手機拉貨回升 聯發科11月營收大躍進450億 寫新高Y,2021-12-12 06:48:41.760903
gon 8 Gen 1，雙方都採用最新的4奈米製程，前者由台積電（2330）,2021-12-12 06:48:41.761089
聯發科、AMD強強聯手 RZ600系列將搭載Filogic 330P無線連網晶片財經雲3 天前 · 記者高兆麟／綜合報導. IC設計大廠聯發科（2454）與AMD宣佈共同打造業界領先的Wi-Fi解決方案，從AMD RZ600系列Wi-Fi 6E模組搭載聯發科技Filogic 330P,2021-12-12 06:48:41.761789
gon 8 Gen1旗艦5G手機晶片來看，在產品規格與定位上儘管都是自家最頂級的產品，但策略選擇上可以顯見不同之處。 先從製程類別,2021-12-12 06:48:41.762453
聯發科蔡明介不做第3代半導體，喊話低功耗未來領先對手10年｜數位 ,2021-12-12 06:48:41.762504
數位時代1 週前 · 聯發科技董事長蔡明介表示，淨零排放已成社會趨勢，而聯發科低功耗晶片技術也為減碳帶來不少助益，相信未來10年聯發科低功耗將持續領先競爭對手。 淨零,2021-12-12 06:48:41.762752
聯發科推旗艦5G晶片外資齊聲喊買工商時報3 週前 · IC設計龍頭聯發科（2454）推出新一代5G智慧機晶片天璣9000，領先採用台積電4奈米製程，強大競爭力吸引眾外資叫好，摩根士丹利、瑞穗、瑞信與摩根大通,2021-12-12 06:48:41.763128
資安公司揭聯發科晶片漏洞！37%安卓手機、IoT設備用戶面臨竊聽 ,2021-12-12 06:48:41.763199
數位時代2 週前 · 擁有43%市占率，聯發科被披露可讓駭客竊聽用戶的資安漏洞. Check Point在報告中，利用小米Note 9 5G演示了如何利用該漏洞入侵手機，並竊取設備上的聲音,2021-12-12 06:48:41.763521
  下一頁 >  板橋區 新北市 - 根據你的 IP 位址 - 瞭解詳情登入設定隱私權服務條款 ,2021-12-12 06:48:41.764038
