tw16 小時熱門公司排名出爐！聯發科平均薪資最高僅排第三 第一名是「他」2021年已步入尾聲，各家公司的徵才計畫也隨之結束，「比薪水」網站8日公布今年熱門公司排行榜，揭曉民眾關注薪資落點的公司，也進一步分析這些公司受歡迎的原因。中时电子报 on MSN.com20 小時聯發科手機晶片 喊漲15%聯發科（2454）產品供不應求，繼網通晶片10月漲價二成之後，市場傳出，因應新興市場需求大好與疫後下游拉貨動能增強，聯發科本月也針對旗下最重要的手機晶片調升報價，最高漲幅高達15%。由於聯發科手機晶片營收占比較網通晶片高，此次手機晶片大漲價，為聯發科 ,2021-11-09 07:22:04.432805
CNYes1 天聯發科2022年5G晶片全面進化AI/遊戲效能聯發科技(MTK)近期即將推出第二個世代的5G晶片系列，新款產品在各項技術效能上都力求精進，希望能延續過去一年的好成績，持續在5G行動裝置維持領先的態勢，在AI與遊戲技術的發展上，聯發科技AI處理器APU強調混合精度優勢，靈活運用整數精度與浮點精度運 ,2021-11-09 07:22:04.433746
tw1 天元宇宙商機有望到來 聯發科技術準備好了聯發科（2454）最近舉行「5G旗艦技術之發哥開講」線上活動，本次主題為手機遊戲體驗，針對近日熱門話題的元宇宙。聯發科無線通訊事業部技術規劃總監李俊男認為，由於元宇宙所使用的VR／AR裝置需要低功耗、高效能產品，聯發科具備相關技術，相對其他廠商有發展 ,2021-11-09 07:22:04.434568
工商時報1 天供需缺口擴大 聯發科11月手機晶片再漲最多15%隨著印度、東南亞等疫情趨緩，海外手機需求回升，加上中國品牌搶貨，4G 手機晶片持續供不應求，市場傳出，聯發科 (2454-TW)11 月正式對客戶調漲價格，4G 晶片漲幅約 10-15%，優於外資原預估的 5-10%，5G 晶片也因應 ,2021-11-09 07:22:04.435358
中时电子报1 天前三季賺進5個股本！聯發科上修今年展望聯發科26日召開法說會並釋出後續展望，第三季稅後淨利達283.61億元，改寫單季歷史新高，並預期第四季營收相較第三季為持平至季減8％，代表將「至少創下單季次高水準」，第四季毛利率提升至46~49％。法人樂觀預估，聯發科第四季可望賺進1.5個股本。tw12 天聯發科計劃將手機晶元價格提高至多15%。（台灣經濟日報）如果您繼續閱讀，視同您同意我們隱私條款。This website uses cookies to improve user experience. By clicking ,2021-11-09 07:22:04.437950
gree you consent to ,2021-11-09 07:22:04.437980
tw22 小時瞄準手遊2.5兆好聽、好看、好快商機 聯發科重磅組HyperEngine天璣之星遊戲生態系為了滿足行動裝置遊戲用戶對手機玩遊戲好聽、好看、好快的影音沉浸體驗，在手機晶片的設計上，則必需做到高刷新率、高畫質、低延遲的的性能表現，聯發科找來終端廠商共同發展HyperEngine遊戲技術套件及遊戲開發商組成天璣之星遊戲生態系，從基礎技術需求發協 ,2021-11-09 07:22:04.439121
供需缺口擴大 聯發科11月手機晶片再漲最多15%鉅亨1 天前 · 聯發科不僅在4G 晶片報捷，5G 晶片也跟進上漲，11 月宣布的漲幅約5%，不過主要反映成本端；但就5G 而言，聯發科也將在年底推出首顆採用台積電4 奈米的5G,2021-11-09 07:22:04.439607
供需缺口擴大 聯發科11月手機晶片再漲最多15%Y,2021-11-09 07:22:04.439637
聯發科天璣系列旗艦處理器重點發展關鍵曝光，滿足使用者體驗為 ,2021-11-09 07:22:04.439943
科技新報3 天前 · 隨著遊戲技術由PC 向手機遷移，行動平台性能與遊戲不斷升級勢必加快行動遊戲體驗的顛覆式躍進。聯發科技近期推出基於Vulk,2021-11-09 07:22:04.440113
n流行，旗艦手機的性能拉高，可能會有三大的技術需求，分別為光線追蹤、遊戲,2021-11-09 07:22:04.440699
海底撈市值一度超越聯發科 為何如今股價慘崩逾70％，無奈吞下關閉 ,2021-11-09 07:22:04.441045
今周刊16 小時前 · 2021年2月，海底撈股價一度飆上85.8港元，把市值推升至4547.4億港元（約新台幣1.63兆元），超越聯發科（市值約新台幣1.5兆元）；豈料，高峰只是,2021-11-09 07:22:04.441314
聯發科平均薪資8.4萬遠超台積電在熱門公司居冠旺得富理財網19 小時前 · 台積電有「護國神山」的美譽，根據「比薪水」網站的調查，前3名受關注程度的排名是台積電、華碩電腦與聯發科，但就薪資而言，台積電的平均薪資4萬8910,2021-11-09 07:22:04.441703
聯發科重磅武器M80數據晶片亮相，將進攻旗艦機市場！連4季拿下5G ,2021-11-09 07:22:04.441751
數位時代3 週前 · 聯發科今（20）日舉辦首場「發哥開講」線上活動，活動一開場就公布該公司連續4季拿下5G晶片出貨榜首的好成績，下一步鎖定旗艦機市場，用R16 M80穩坐第,2021-11-09 07:22:04.441997
  下一頁 >  新北市 - 根據你的 IP 位址 - 瞭解詳情登入設定隱私權服務條款 ,2021-11-09 07:22:04.442071
