 ,1,最新,1,本,1,周,1,Fed,1,亞洲,1,生技,1,大會,1,展望,1,釋出,1
时电子报,1,3 小時,1,決策,1,聯詠,1,周大事,1,回顧,1,超級,1,央行,1,落幕,1,聯,1
2個,1,股本,1,亮燈,1,漲停,1,外資,1,700元,1,法人,1,第,1,CNYes,1,2 天,1
3季,1,賺逾,1,喊,1,目標,1,價,1,你,1,跟,1,嗎,1,公司,1,~,1
工商,1,報,1,4 天,1,前3季,1,獲利,1,241.76%,1,EPS,1, 45.90元,1,Q4,1,營收,1
估降,1,360,1,370億元,1,毛,1,利率,1,48,1,10月,1,增減,1,Money,1,DJ,1
110年,1,125.91億,1,66.38%,1,3034,1,資料,1,單位,1,千元,1, ,1,當月,1,累計,1
 12,591,214 111,414,618 ,1,同期,1,調薪,1,幅度,1,新福利,1,方案,1,陳健興,1,加薪,1,搶,1,很有感,1
11月底,1,公告,1,證實,1,發言人,1,IC,1,產業,1,就是,1,～,1,營運,1,高檔,1
季,1,維持,1,5 天,1,熱門股,1, Q4,1,估,1,後續,1,抱持,1,正面,1,態度,1
四季,1,出貨,1, TDDI,1,明年,1,3 天,1,聯詠法,1,產品線,1,續強,1, 首顆,1,OLED,1
TDDI,1,驅動,1, IC ,1,龍頭聯詠,1,TW,1,4,1,召開,1,法說會,1,外資看法,1,調,1
高目標價,1,亞系外資,1,降,1,目標價,1,財訊,1,報記者,1,劉居全,1,報導,1, 3034 ,1,快,1
美,1,一,1,11月,1,結構性,1,有感,1,員工,1,決定,1,tw,1,面板,1,廠聯詠,1
副總經理,1,內部,1,正在,1,作業,1,增,1,達,1,好威,1,Q3,1,二個,1,1 ,1
週,1,受惠,1,電視,1,單晶片,1,大摩,1,減持,1,自由,1,財經,1,財經頻道,1,綜合,1
需求,1,淡季,1,續旺,1,不淡,1,大廠聯詠,1,4日,1,鉅亨,1,掌握,1,一定,1,程度產,1
預期,1,鏡,1,週刊,1,野村,1,反映,1,面板週期,1,風險,1,3 ,1,