1
,1,,1,1,1,20.09億元,1,前十月,1,稅,1,淨利,1,300億元,1,時,1,前,1
後,1,5日,1,大法人,1,土洋,1,外資,1,賣超,1,11,1,411張,1,投信,1,自營商,1
進出,1,作,1,買,1,各自,1,三,1,對,1,到,1,為,1,課程,1,此次,1
培訓,1,加值,1,理財,1,邀請,1,大集團,1,專業,1,分享,1,各類,1,金融,1,商品,1
推出,1,講師,1,大期,1,110年,1,第一次,1,擔保,1,順位,1,普通,1,公司債,1,12,1
發行,1,3,1,自,1,次,1,開始,1,無,1,並,1,於,1,總額,1,每張,1
MoneyDJ,1,20 小時,1,公司名稱,1,大期貨,1,股份,1,有限,1,公司,1,債券,1,金額,1,新台幣,1
15億元,1,整,1,票面金額,1,二,1,一名,1,蘋果日報,1,1 天,1,屏東縣,1,遠嫁,1,黃姓,1
女子,1,跨海,1,臉書,1,爆料,1,公社,1,公開版,1,指控,1,大銀行,1,屏榮分行,1,協理,1
理專,1,擅自,1,All,1,in,1,26塊,1,停損,1,出場,1,嗎,1,600張,1,兆豐,1
股達人,1,曝,1,存,1,該,1, ,1,你,1,我,1,周刊,1,6 天,1,大俠,1
擔心,1,-3,1,成交,1,縮減,1,-5,1,減少,1,請問,1,是不是,1,趕緊,1,呢,1
問,1,主管,1,元,1,資訊,1,安全,1,15 小時,1,代子,1,公司元,1,大證券,1,公告,1
任命,1,長長,1,行銷,1,策略,1,長等,1,財務,1,會計,1,法人,1,說明,1,召開,1
110,1,參加,1,之,1,宏碁,1,26,1,法說會,1,觀測站,1,重大,1,訊息,1,2353,1
投資人,1,配,1,息金額,1,配發,1,領到,1,最新,1,預估,1,大,1,3 天,1,MSCI,1
估配,1,息,1,0.75元,1,19,1,ETtod,1,股,1,今年,1,19 小時,1,55,1,息率,1
3.1%,1,輸,1,熱門,1,股東,1,十,1,12天,1,填,1,息工商,1,歷,1,股息金額,1
受惠,1,航,1,運,1,面板,1,成分,1,ipei 2021,1,2021年,1,26日,1,25日,1,2021,1
防疫,1,優先,1,考量,1,屆展,1,覽,1,線上,1,形式,1,規劃,1,舉辦,1,採,1
今,1,週,1,下一頁,1,>,1,板橋區,1,新北市,1, IP ,1,位址,1,瞭解,1,詳情,1
登入,1,設定,1,隱私,1,權,1,服務條款,1,根據,1,的,1,