,1,1,1,聲明,1,關於,1,意見,1,反應,1,說明,1,我們,1,和,1,的,1
季,1,1
,1,單,1,聯,1,發科,1,新高,1, ,1,毛利率,1,46.7%,1,3季,1
增,1,第,1,工商,1,報,1,4 天,1,Q3,1,17.92元,1,續創,1,3,1,26,1
11T,1,omi,1,Pro ,1,兩個,1,版本,1,採用,1,6nm,1,製程,1,天璣,1,1200,1
Ultr,1,其中,1,與,1,處理器,1,內建,1,LPDDR4X,1,RAM,1,使用,1,5nm,1,則是,1
台積電,1,3 天,1,較,1,增加,1,科技,1,新報,1, IC ,1,大廠聯,1,26 日,1,繳出,1
5,1,新台幣,1,283.61 億元,1,二季,1,明年,1,晶片,1,放量,1,TW,1,發,1,科法,1
4奈米,1,Q1,1,估,1,5G,1,晶片價,1,量續,1,揚鉅亨網,1,2454,1,磅,1,武器,1
M80數,1,據晶片,1,亮相,1,進攻,1,旗艦,1,機市場,1,4季,1,拿下,1,重,1,連,1
將,1,數位,1,週,1,20,1,首場,1,哥,1,線上,1,開場,1,公司,1,出貨,1
榜首,1,好成績,1,每股,1,大賺,1,自由,1,財經,1,記者,1,卓怡君,1,報導,1,人才,1
需要,1,玉山,1,論壇,1,不足,1,提高,1,誘因,1,鉅亨,1,隨著,1,世代,1,來臨,1
消費者,1,更快,1,大摩,1,喊,1,280元,1,5 天,1,外資,1,圈,1,叫,1,好聲,1
摩根,1,士丹,1,證券,1,現今,1,US,1,通,1,網,1,晶片成,1,缺,1,短料,1
瑞昱,1,營運,1,旺,1,2 天,1,觀察,1,大廠,1,WiFi ,1,主晶片,1,交期,1,|,1
高通,1,經濟日報,1,科戰,1,AI,1,出擊,1,今晨,1,聞,1,全球,1,手機,1,晶片市,1
占,1, ,1,下一頁,1,>,1,板橋區,1,新北市,1, IP ,1,位址,1,瞭解,1,詳情,1
登入,1,設定,1,隱私,1,權,1,服務條款,1,根據,1,熱門,1,薪資,1,科手機,1,15%,1
漲價,1,手機晶片,1,最高,1,tw,1,17 小時,1,排名,1,出爐,1,排,1,第三,1,4G,1
1 天,1,供需,1,缺口,1,擴大,1,11月,1,漲,1,印度,1,東南亞,1,疫情,1,趨緩,1
海外,1,AAAAA ,1,小時,1,元,1,宇宙,1,發威,1,聯電,1,力積電股價,1,齊揚,1,一度,1
重返,1,千金,1,周刊王,1,CTWANT,1,月薪,1,平均,1,SETN,1,on,1,MSN,1,com,1
21 小時,1,台積電月薪,1,少聯,1,3萬,1,網點,1,關鍵,1,輸,1,想到,1,薪水,1,賺逾,1
3億元,1,創,1,調,1,年度,1,Q,1,3一天,1,望破,1,2
,1,4800億元,1,新高聯,1
昨,1,股價,1,y,1,財經雲,1,15 小時,1, IC,1,開盤,1,重登,1,1000元,1,儘管,1
最後,1,小跌,1,-4,1,2元,1,收,1,2,1,978元,1,還是,1,科天璣,1,系列旗艦,1
5
,1,器重點,1,曝光,1,滿足,1,使用者,1,體驗,1,處理,1,發展,1,為,1,