CNYes,1,4 天,1,元,1,大銀行,1,攜手,1,ISAC,1,邀,1,大專,1,院校體,1,驗,1
現金校園,1,服務,1,記者,1,陳建興,1,報導,1, ,1,台北,1,無,1,CDN,1,NEWS,1
6 天,1,FinTech,1,T,1,ipei 2021,1,芬,1,特克,1,探索,1,數位,1,理財,1,年度,1
金融,1,科技盛事,1,保險,1,行動,1,客戶,1,系統,1,11 天,1,Plus,1,PLUS,1,理,1
專,1,助理,1,尊,1,初衷,1,資料,1,整合,1,1,1,戶店舖,1,竭誠,1,招租,1
时电子报,1,大龍峒社,1,宅,1,大龍峒,1,住宅,1,店鋪,1,承德路,1,三段,1,周邊,1,生活機,1
佳,1,鄰近,1,捷運圓山站,1,步行,1,3,1,公告,1,關係人,1,大金,1,控,1,相對,1
移轉,1,原因,1,交易,1,人,1,mygonews,1,13 小時,1,代子,1,公司元,1,向元大,1,證券,1
取得,1,使用,1,國家品牌,1,玉山獎,1,大獎項,1,最佳,1,九,1,創新,1,領頭,1,羊,1
大集團,1,全方位,1,橫掃,1,第18,1,屆,1,頒獎,1,公司,1,前次,1,適用,1,其,1
tw,1,16 天,1,台北市,1,松山區,1,關懷,1,Money,1,DJ,1,偏鄉兒,1,捐,1,物資,1
予,1,古坑,1,桂林,1,國小元,1,支持,1,兒,1,廣大,1,封為,1,天使,1,一卡通,1
卡,1,悠遊,1,JCB,1,悠遊卡,1,搭,1,北捷,1,6,1,折價,1,天竺鼠車,1,車,1
萌翻,1,揮別,1,本土,1,疫情,1,低潮,1,電子票證,1,一名,1,蘋果日報,1,2 天,1,屏東縣,1
遠嫁,1,黃姓,1,女子,1,跨海,1,臉書,1,爆料,1,公社,1,公開版,1,指控,1,屏榮分行,1
協理,1,理專,1,擅自,1,信,1,前10月,1,獲利,1,創,1,新高,1,這家,1,賺逾,1
500億,1,ETtod,1,金,1,大,1,中,1,業務,1,動,1,y,1,財經雲,1,1 天,1
信金,1,銀行,1,存放,1,穩健,1,財管手續費,1,受惠,1,產品,1,數位化,1,同期,1,雙,1
推出,1,工商,1,報,1,2 ,1,週,1,推廣,1,繼,1,去,1,2020,1,7月,1
2021年,1,10月,1,26日,1,11月,1,25日,1,2021,1,防疫,1,優先,1,考量,1,屆展,1
覽,1,線上,1,形式,1,規劃,1,舉辦,1,採,1,今,1,|,1,g,1,債券,1
還本,1,付息,1,經濟日報,1,1 ,1, ,1,下一頁,1,>,1,新北市,1,你,1, IP ,1
位址,1,瞭解,1,詳情,1,登入,1,設定,1,隱私,1,權,1,服務條款,1,根據,1,的,1
